<?xml version="1.0" encoding="UTF-8"?>
<project-private xmlns="http://www.netbeans.org/ns/project-private/1">
    <editor-bookmarks xmlns="http://www.netbeans.org/ns/editor-bookmarks/2" lastBookmarkId="0"/>
    <open-files xmlns="http://www.netbeans.org/ns/projectui-open-files/2">
        <group>
            <file>file:/Users/maple/Desktop/ICHDBank/src/java/ICHDApp/Spring-Config.xml</file>
            <file>file:/Users/maple/Desktop/ICHDBank/web/WEB-INF/jsp/userAccount.jsp</file>
            <file>file:/Users/maple/Desktop/ICHDBank/web/WEB-INF/jsp/transfer.jsp</file>
            <file>file:/Users/maple/Desktop/ICHDBank/src/java/TransferFund/FundTransferAdvice.java</file>
            <file>file:/Users/maple/Desktop/ICHDBank/web/WEB-INF/jsp/loginView.jsp</file>
            <file>file:/Users/maple/Desktop/ICHDBank/src/java/TransferFund/ValidatingFundTransfer.java</file>
            <file>file:/Users/maple/Desktop/ICHDBank/src/java/TransferFund/FundTransferAppImpl.java</file>
            <file>file:/Users/maple/Desktop/ICHDBank/src/java/ICHDApp/FundTransfer.java</file>
            <file>file:/Users/maple/Desktop/ICHDBank/src/java/TransferFund/FundTransferApp.java</file>
            <file>file:/Users/maple/Desktop/ICHDBank/src/java/controller/FundTransferCountroller.java</file>
            <file>file:/Users/maple/Desktop/ICHDBank/web/WEB-INF/jsp/fundtransfer.jsp</file>
            <file>file:/Users/maple/Desktop/ICHDBank/web/WEB-INF/dispatcher-servlet.xml</file>
            <file>file:/Users/maple/Desktop/ICHDBank/src/java/controller/LoginController.java</file>
        </group>
    </open-files>
</project-private>
