<?xml version="1.0" encoding="UTF-8"?>
<project-private xmlns="http://www.netbeans.org/ns/project-private/1">
    <editor-bookmarks xmlns="http://www.netbeans.org/ns/editor-bookmarks/2" lastBookmarkId="0"/>
    <open-files xmlns="http://www.netbeans.org/ns/projectui-open-files/2">
        <group>
            <file>file:/C:/Users/NIIT/Documents/NetBeansProjects/AOPConfig/src/java/AOP/MainApp.java</file>
            <file>file:/C:/Users/NIIT/Documents/NetBeansProjects/AOPConfig/src/java/AOP/Student.java</file>
            <file>file:/C:/Users/NIIT/Documents/NetBeansProjects/AOPConfig/src/java/AOP/Spring-Config.xml</file>
            <file>file:/C:/Users/NIIT/Documents/NetBeansProjects/AOPConfig/src/java/AOP/Logging.java</file>
        </group>
    </open-files>
</project-private>
