<?xml version="1.0" encoding="UTF-8"?>
<!DOCTYPE hibernate-configuration PUBLIC "-//Hibernate/Hibernate Configuration DTD 3.0//EN" "http://hibernate.sourceforge.net/hibernate-configuration-3.0.dtd">
<hibernate-configuration>
  <session-factory>
    <property name="hibernate.connection.driver_class">com.microsoft.sqlserver.jdbc.SQLServerDriver</property>
    <property name="hibernate.connection.url">jdbc:sqlserver://localhost:1433;databaseName=DomDB</property>
    <property name="hibernate.connection.username">Jack</property>
    <property name="hibernate.connection.password">jack</property>
    <property name="hibernate.dialect">org.hibernate.dialect.SQLServerDialect</property>
    <property name="hibernate.current_session_context_class">jta</property>
    <property name="hibernate.query.factory_class">org.hibernate.hql.classic.ClassicQueryTranslatorFactory</property>
    <mapping resource="com/entity/Administr.hbm.xml"/>
    <mapping resource="com/entity/DomInfo.hbm.xml"/>
    <mapping resource="com/entity/Student.hbm.xml"/>
  </session-factory>
</hibernate-configuration>
