<?xml version="1.0" encoding="UTF-8"?>
<beans xmlns="http://www.springframework.org/schema/beans"
       xmlns:xsi="http://www.w3.org/2001/XMLSchema-instance"

       xsi:schemaLocation="http://www.springframework.org/schema/beans http://www.springframework.org/schema/beans/spring-beans-4.0.xsd
">
    
    <bean id="helloProxy" class="org.springframework.aop.framework.ProxyFactoryBean">
        <property name="target" ref="inst"/>
        <property name="interceptorNames" value="helloAdvisor"/>
        <property name="proxyInterfaces" value="AOP.HelloInterface"/>
    </bean>
    <bean id="inst" class="AOP.HelloInterfaceImpl"/>
    <bean name="helloAdvisor" class="org.springframework.aop.support.DefaultPointcutAdvisor">
        <property name="advice" ref="helloAdvice"/>
        <property name="pointcut" ref="helloPointCut"/>
    </bean>
    <bean id="helloAdvice" class="AOP.HelloAdvice">
        <property name="vu" ref="audience"/>
    </bean>
    <bean id="audience" class="AOP.ValidateUser"/>
    <bean id="helloPointCut" class="org.springframework.aop.support.JdkRegexpMethodPointcut">
        <property name="pattern" value="HelloInterface.sayHello" />
    </bean>
    
</beans>
