<?xml version="1.0" encoding="UTF-8"?>
<project-private xmlns="http://www.netbeans.org/ns/project-private/1">
    <editor-bookmarks xmlns="http://www.netbeans.org/ns/editor-bookmarks/2" lastBookmarkId="0"/>
    <open-files xmlns="http://www.netbeans.org/ns/projectui-open-files/2">
        <group>
            <file>file:/D:/Documents/NetBeansProjects/DomDemo/src/java/com/common/Parameter.java</file>
            <file>file:/D:/Documents/NetBeansProjects/DomDemo/src/java/com/controller/DomController.java</file>
            <file>file:/D:/Documents/NetBeansProjects/DomDemo/src/java/com/service/DomServiceImpl.java</file>
            <file>file:/D:/Documents/NetBeansProjects/DomDemo/src/java/com/service/DomService.java</file>
            <file>file:/D:/Documents/NetBeansProjects/DomDemo/src/java/com/config/hibernate.cfg.xml</file>
            <file>file:/D:/Documents/NetBeansProjects/DomDemo/src/java/com/controller/LoginController.java</file>
            <file>file:/D:/Documents/NetBeansProjects/DomDemo/web/WEB-INF/spring-servlet.xml</file>
            <file>file:/D:/Documents/NetBeansProjects/DomDemo/web/WEB-INF/applicationContext.xml</file>
            <file>file:/D:/Documents/NetBeansProjects/DomDemo/src/java/com/controller/StuController.java</file>
            <file>file:/D:/Documents/NetBeansProjects/DomDemo/web/WEB-INF/jsp/index.jsp</file>
            <file>file:/D:/Documents/NetBeansProjects/DomDemo/web/WEB-INF/jsp/main.jsp</file>
            <file>file:/D:/Documents/NetBeansProjects/DomDemo/src/java/com/config/hibernate.reveng.xml</file>
        </group>
    </open-files>
</project-private>
