<?xml version="1.0" encoding="UTF-8"?>
<beans xmlns="http://www.springframework.org/schema/beans"
       xmlns:xsi="http://www.w3.org/2001/XMLSchema-instance"

       xsi:schemaLocation="http://www.springframework.org/schema/beans http://www.springframework.org/schema/beans/spring-beans-3.0.xsd
">

<bean id="CustomerBean" class="service.Customer">
    <property name="firstName" value="Mark"/>
    <property name="lastName" value="Philip"/>
    <property name="phoneNumber" value="7895456545"/>
     <property name="address" value="10 Park Street, Florida, Miami, 1A5012"/>
</bean>
<bean id="RoomBean" class="service.Rooms">
    <property name="roomID" value="MHBR0001"/>
    <property name="noOfRooms" value="25"/>
    <property name="roomType" value="Deluxe King-Garden"/>
</bean>
<bean id="BookingDetailsBean" class="service.BookingDetails">
    <property name="bookingId" value="MHB0001"/>
    <property name="checkInDay" value="12"/>
    <property name="checkInMonth" value="12"/>
    <property name="checkInYear" value="2010"/>
    <property name="checkOutDay" value="13"/>
    <property name="checkOutMonth" value="12"/>
    <property name="checkOutYear" value="2010"/>
    <property name="customerFName" value="Mark"/>
    <property name="customerLName" value="Philip"/>
    <property name="noOfAdults" value="2"/>
    <property name="noOfRooms" value="1"/>
    <property name="noofChildren" value="0"/>
    <property name="roomType" value="Deluxe King-Garden"/>
</bean>
</beans>
