<?xml version="1.0"?>
<!DOCTYPE hibernate-mapping PUBLIC "-//Hibernate/Hibernate Mapping DTD 3.0//EN"
"http://www.hibernate.org/dtd/hibernate-mapping-3.0.dtd">
<!-- Generated 2015-12-28 16:50:56 by Hibernate Tools 3.6.0 -->
<hibernate-mapping>
    <class name="Hibernate.Album" table="album" schema="db_accessadmin" catalog="DVDStore">
        <id name="id" type="int">
            <column name="id" />
            <generator class="assigned" />
        </id>
        <property name="aname" type="string">
            <column name="aname" length="20" />
        </property>
        <property name="pic" type="string">
            <column name="pic" length="100" />
        </property>
        <property name="category" type="string">
            <column name="category" length="10" />
        </property>
        <property name="singer" type="string">
            <column name="singer" length="50" />
        </property>
        <property name="descirbe" type="string">
            <column name="descirbe" length="500" />
        </property>
        <property name="atime" type="serializable">
            <column name="atime" />
        </property>
        <property name="price" type="java.lang.Integer">
            <column name="price" />
        </property>
    </class>
</hibernate-mapping>
