<?xml version="1.0"?>
<!DOCTYPE hibernate-mapping PUBLIC "-//Hibernate/Hibernate Mapping DTD 3.0//EN"
"http://www.hibernate.org/dtd/hibernate-mapping-3.0.dtd">
<!-- Generated 2015-12-28 16:50:56 by Hibernate Tools 3.6.0 -->
<hibernate-mapping>
    <class name="Hibernate.Customer" table="customer" schema="db_accessadmin" catalog="DVDStore">
        <id name="id" type="int">
            <column name="id" />
            <generator class="assigned" />
        </id>
        <property name="username" type="string">
            <column name="username" length="20" />
        </property>
        <property name="password" type="string">
            <column name="password" length="20" />
        </property>
        <property name="cname" type="string">
            <column name="cname" length="15" />
        </property>
        <property name="age" type="java.lang.Integer">
            <column name="age" />
        </property>
        <property name="gender" type="string">
            <column name="gender" length="10" />
        </property>
        <property name="phone" type="string">
            <column name="phone" length="15" />
        </property>
        <property name="address" type="string">
            <column name="address" length="100" />
        </property>
        <property name="favcate" type="string">
            <column name="favcate" length="50" />
        </property>
    </class>
</hibernate-mapping>
