<?xml version="1.0"?>
<!DOCTYPE hibernate-mapping PUBLIC "-//Hibernate/Hibernate Mapping DTD 3.0//EN"
"http://www.hibernate.org/dtd/hibernate-mapping-3.0.dtd">
<!-- Generated 2015-12-28 16:50:56 by Hibernate Tools 3.6.0 -->
<hibernate-mapping>
    <class name="Hibernate.Orderinfor" table="orderinfor" schema="db_accessadmin" catalog="DVDStore">
        <id name="id" type="int">
            <column name="id" />
            <generator class="assigned" />
        </id>
        <property name="destination" type="string">
            <column name="destination" length="100" />
        </property>
        <property name="agency" type="string">
            <column name="agency" length="50" />
        </property>
        <property name="price" type="java.lang.Integer">
            <column name="price" />
        </property>
        <property name="delivertime" type="serializable">
            <column name="delivertime" />
        </property>
        <property name="arrivaltime" type="serializable">
            <column name="arrivaltime" />
        </property>
        <property name="status" type="string">
            <column name="status" length="10" />
        </property>
        <property name="username" type="string">
            <column name="username" length="50" />
        </property>
    </class>
</hibernate-mapping>
