<?xml version="1.0" encoding="UTF-8"?>

<!DOCTYPE hibernate-mapping PUBLIC
  "-//Hibernate/Hibernate Mapping DTD 3.0//EN"
  "http://hibernate.sourceforge.net/hibernate-mapping-3.0.dtd">

<hibernate-mapping>
<class name="university.Studentcourse" table="STUDENTCOURSE" schema="UNIVERSITY">
        <id name="registrationnumber" type="int">
            <column name="REGISTRATIONNUMBER" />
            <generator class="assigned" />
        </id>
        <property name="courseid" type="string">
            <column name="COURSEID" length="10" />
        </property>
    </class> 

  

</hibernate-mapping>
