<?xml version="1.0"?>
<!DOCTYPE hibernate-mapping PUBLIC "-//Hibernate/Hibernate Mapping DTD 3.0//EN"
"http://www.hibernate.org/dtd/hibernate-mapping-3.0.dtd">
<!-- Generated 30 Jul, 2014 9:58:43 AM by Hibernate Tools 3.6.0 -->
<hibernate-mapping>
    <class name="university.Student" table="STUDENT" schema="UNIVERSITY">
        <id name="userid" type="string">
            <column name="USERID" length="40" />
            <generator class="assigned" />
        </id>
        <version name="version" access="field" column="VERSION"></version>
<property name="registrationnumber" type="integer">
            <column name="REGISTRATIONNUMBER" length="10" />
</property>

        <property name="firstname" type="string">
            <column name="FIRSTNAME" length="20" />
        </property>
        <property name="lastname" type="string">
            <column name="LASTNAME" length="20" />
        </property>
        <property name="gender" type="string">
            <column name="GENDER" length="10" />
        </property>
        <property name="dob" type="date">
            <column name="DOB" length="10" />
        </property>
        <property name="address" type="string">
            <column name="ADDRESS" length="100" />
        </property>
        <property name="phone" type="string">
            <column name="PHONE" length="20" />
        </property>
        <property name="email" type="string">
            <column name="EMAIL" length="100" />
        </property>
        <property name="password" type="string">
            <column name="PASSWORD" length="100" />
        </property>
    </class>
</hibernate-mapping>
