<?xml version="1.0"?>
<!DOCTYPE hibernate-mapping PUBLIC "-//Hibernate/Hibernate Mapping DTD 3.0//EN"
"http://www.hibernate.org/dtd/hibernate-mapping-3.0.dtd">
<!-- Generated 2016-7-8 10:25:31 by Hibernate Tools 3.6.0 -->
<hibernate-mapping>
    <class name="com.entity.Administr" table="administr" schema="dbo" catalog="DomDB">
        <id name="adId" type="int">
            <column name="adID" />
            <generator class="assigned" />
        </id>
        <property name="username" type="string">
            <column name="username" length="50" />
        </property>
        <property name="pwd" type="string">
            <column name="pwd" length="50" />
        </property>
        <property name="status" type="java.lang.Character">
            <column name="status" length="1" />
        </property>
    </class>
</hibernate-mapping>
