<?xml version="1.0"?>
<!DOCTYPE hibernate-mapping PUBLIC "-//Hibernate/Hibernate Mapping DTD 3.0//EN"
"http://www.hibernate.org/dtd/hibernate-mapping-3.0.dtd">
<!-- Generated 2016-7-8 10:25:31 by Hibernate Tools 3.6.0 -->
<hibernate-mapping>
    <class name="com.entity.DomInfo" table="domInfo" schema="dbo" catalog="DomDB">
        <id name="domId" type="int">
            <column name="domID" />
            <generator class="assigned" />
        </id>
        <property name="domNum" type="java.lang.Integer">
            <column name="domNum" />
        </property>
        <property name="name" type="string">
            <column name="name" length="10" />
        </property>
        <property name="addre" type="string">
            <column name="addre" length="50" />
        </property>
        <property name="phone" type="string">
            <column name="phone" length="15" />
        </property>
        <property name="type" type="java.lang.Integer">
            <column name="type" />
        </property>
    </class>
</hibernate-mapping>
