<?xml version="1.0"?>
<!DOCTYPE hibernate-mapping PUBLIC "-//Hibernate/Hibernate Mapping DTD 3.0//EN"
"http://www.hibernate.org/dtd/hibernate-mapping-3.0.dtd">
<!-- Generated 2016-7-8 10:25:31 by Hibernate Tools 3.6.0 -->
<hibernate-mapping>
    <class name="com.entity.Student" table="student" schema="dbo" catalog="DomDB">
        <id name="stuId" type="int">
            <column name="stuID" />
            <generator class="assigned" />
        </id>
        <property name="name" type="string">
            <column name="name" length="10" />
        </property>
        <property name="age" type="java.lang.Integer">
            <column name="age" />
        </property>
        <property name="gender" type="string">
            <column name="gender" length="5" />
        </property>
        <property name="phone" type="string">
            <column name="phone" length="15" />
        </property>
        <property name="batCo" type="string">
            <column name="batCo" length="10" />
        </property>
    </class>
</hibernate-mapping>
