<?xml version="1.0" encoding="UTF-8"?>
<beans xmlns="http://www.springframework.org/schema/beans"
       xmlns:xsi="http://www.w3.org/2001/XMLSchema-instance"
       xmlns:aop="http://www.springframework.org/schema/aop"

       xsi:schemaLocation="http://www.springframework.org/schema/beans http://www.springframework.org/schema/beans/spring-beans-4.0.xsd
          http://www.springframework.org/schema/aop http://www.springframework.org/schema/aop/spring-aop-4.0.xsd
">

    <aop:config>
        <aop:aspect id="log" ref="logging">
            <aop:pointcut id="selectAll" expression="execution(* AOP.*.*(..))"/>
            <aop:before pointcut-ref="selectAll" method="beforeAdvice"/>
            <aop:after pointcut-ref="selectAll" method="afterAdvice"/>
            <aop:after-returning pointcut-ref="selectAll" returning="retVal" method="afterReturningAdvice"/>
            <aop:after-throwing pointcut-ref="selectAll" throwing="iae" method="afterThrowingAdvice"/>
        </aop:aspect>
    </aop:config>
    
    <bean id="logging" class="AOP.Logging"/>
    <bean id="student" class="AOP.Student">
        <property name="name" value="Mark"/>
        <property name="age" value="22"/>
    </bean>
</beans>
