<?xml version='1.0' encoding='UTF-8'?>

<!-- =========== FULL CONFIGURATION FILE ================================== -->

<faces-config version="2.0"
    xmlns="http://java.sun.com/xml/ns/javaee" 
    xmlns:xsi="http://www.w3.org/2001/XMLSchema-instance" 
    xsi:schemaLocation="http://java.sun.com/xml/ns/javaee http://java.sun.com/xml/ns/javaee/web-facesconfig_2_0.xsd">
<application>
    <!--<variable-resolver>
        org.springframework.web.jsf.DelegatingVariableResolver
    </variable-resolver>-->
    <el-resolver>
        org.springframework.web.jsf.el.SpringBeanFacesELResolver
    </el-resolver>
</application>
<navigation-rule>
<from-view-id>*</from-view-id>
<navigation-case>
<from-action>#{bean.Action}</from-action>
<from-outcome>student</from-outcome>
<to-view-id>/StudentProfile.xhtml</to-view-id>
</navigation-case>
<navigation-case>
<from-action>#{bean.Action}</from-action>
<from-outcome>error</from-outcome>
<to-view-id>/LoginError.xhtml</to-view-id>
</navigation-case>
</navigation-rule>
</faces-config>
