<?xml version="1.0" encoding="UTF-8"?>
<!DOCTYPE hibernate-mapping PUBLIC "-//Hibernate/Hibernate Mapping DTD 3.0//EN" "http://hibernate.sourceforge.net/hibernate-mapping-3.0.dtd">
<hibernate-mapping>
 <class name="PUBLISHERS.Author" table="AUTHOR" schema="NEWTECHPUBLISHERS">
        <id name="authorid" type="string">
            <column name="AUTHORID" length="20" />
            <generator class="assigned" />
        </id>
        <property name="authorname" type="string">
            <column name="AUTHORNAME" length="40" />
        </property>
        <property name="authorpenname" type="string">
            <column name="AUTHORPENNAME" length="40" />
        </property>
        <property name="gender" type="string">
            <column name="GENDER" length="10" />
        </property>
        <property name="dob" type="date">
            <column name="DOB" length="10" />
        </property>
        <property name="address" type="string">
            <column name="ADDRESS" length="100" />
        </property>
        <property name="contactnumber" type="string">
            <column name="CONTACTNUMBER" length="40" />
        </property>
        <property name="emailid" type="string">
            <column name="EMAILID" length="40" />
        </property>
        <property name="nationality" type="string">
            <column name="NATIONALITY" length="40" />
        </property>
    </class>
</hibernate-mapping>
