<?xml version="1.0" encoding="UTF-8"?>
<beans xmlns="http://www.springframework.org/schema/beans"
       xmlns:xsi="http://www.w3.org/2001/XMLSchema-instance"
       xmlns:aop="http://www.springframework.org/schema/aop"
       xmlns:tx="http://www.springframework.org/schema/tx"
       xsi:schemaLocation="http://www.springframework.org/schema/beans http://www.springframework.org/schema/beans/spring-beans-3.0.xsd
       http://www.springframework.org/schema/aop http://www.springframework.org/schema/aop/spring-aop-3.0.xsd
          http://www.springframework.org/schema/tx http://www.springframework.org/schema/tx/spring-tx-3.0.xsd
">
    <bean id="mySessionFactory" class="org.springframework.orm.hibernate4.LocalSessionFactoryBean">
        <property name="configLocation" value="hibernate.cfg.xml"/>
        <property name="dataSource" ref="dataSource"/>
    </bean>
    <bean id="dataSource" class="org.springframework.jdbc.datasource.DriverManagerDataSource">
        <property name="driverClassName" value="org.apache.derby.jdbc.ClientDriver"/>
        <property name="url" value="jdbc:derby://localhost:1527/GrantUniversity"/>
        <property name="username" value="University"/>
        <property name="password" value="password@123"/>
    </bean>

<bean id="courseDetailsDao" class="university.CourseDetailsDAO">
    <property name="sessionFactory">
        <ref bean="mySessionFactory"/>
    </property>
</bean>
<bean id="beanDao" class="university.BeanDAO">
    <property name="sessionFactory">
        <ref bean="mySessionFactory"/>
    </property>
</bean>
<bean id="registrationDao" class="university.RegistrationDAO">
    <property name="sessionFactory">
        <ref bean="mySessionFactory"/>
    </property>
</bean>
<bean id="txManager" class="org.springframework.orm.hibernate4.HibernateTransactionManager">
    <property name="sessionFactory">
        <ref bean="mySessionFactory"/>
    </property>
</bean>
<tx:advice id="txadvice" transaction-manager="txManager">
    <tx:attributes>
        <tx:method name="*" propagation="REQUIRED"/>
    </tx:attributes>
</tx:advice>
<aop:config>
    <aop:pointcut id="pp" expression="execution(* university.RegistrationService.*())"/>
    <aop:advisor advice-ref="txadvice" pointcut-ref="pp"/>
</aop:config>

</beans>
