<?xml version="1.0"?>
<!DOCTYPE hibernate-mapping PUBLIC "-//Hibernate/Hibernate Mapping DTD 3.0//EN"
"http://hibernate.sourceforge.net/hibernate-mapping-3.0.dtd">
<!-- Generated Dec 16, 2010 4:16:19 PM by Hibernate Tools 3.2.1.GA -->
<hibernate-mapping>
    <class name="university.Student" table="STUDENT" schema="UNIVERSITY">
        <id name="userid" type="string">
            <column name="USERID" length="40" />
            <generator class="assigned" />
        </id>
        <version name="version" access="field" column="VERSION"></version>
        <property name="firstname" type="string">
            <column name="FIRSTNAME" length="20" />
        </property>
        <property name="lastname" type="string">
            <column name="LASTNAME" length="20" />
        </property>
        <property name="gender" type="string">
            <column name="GENDER" length="10" />
        </property>
        <property name="dob" type="date">
            <column name="DOB" length="10" />
        </property>
        <property name="address" type="string">
            <column name="ADDRESS" length="100" />
        </property>
        <property name="phone" type="string">
            <column name="PHONE" length="20" />
        </property>
        <property name="email" type="string">
            <column name="EMAIL" length="100" />
        </property>
        <property name="password" type="string">
            <column name="PASSWORD" length="100" />
        </property>
        <property name="registrationnumber" type="java.lang.Integer">
            <column name="REGISTRATIONNUMBER" />
        </property>
    </class>
</hibernate-mapping>
