<?xml version="1.0" encoding="UTF-8"?>
<project-private xmlns="http://www.netbeans.org/ns/project-private/1">
    <editor-bookmarks xmlns="http://www.netbeans.org/ns/editor-bookmarks/2" lastBookmarkId="0"/>
    <open-files xmlns="http://www.netbeans.org/ns/projectui-open-files/2">
        <group>
            <file>file:/C:/Users/NIIT/Documents/NetBeansProjects/ControllerView/src/java/employee/Employee.java</file>
            <file>file:/C:/Users/NIIT/Documents/NetBeansProjects/ControllerView/src/java/service/Service.java</file>
            <file>file:/C:/Users/NIIT/Documents/NetBeansProjects/ControllerView/web/WEB-INF/jsp/data.jsp</file>
            <file>file:/C:/Users/NIIT/Documents/NetBeansProjects/ControllerView/web/WEB-INF/jsp/index.jsp</file>
            <file>file:/C:/Users/NIIT/Documents/NetBeansProjects/ControllerView/web/WEB-INF/jsp/success.jsp</file>
            <file>file:/C:/Users/NIIT/Documents/NetBeansProjects/ControllerView/src/java/controller/HelloController.java</file>
            <file>file:/C:/Users/NIIT/Documents/NetBeansProjects/ControllerView/web/WEB-INF/dispatcher-servlet.xml</file>
            <file>file:/C:/Users/NIIT/Documents/NetBeansProjects/ControllerView/web/WEB-INF/applicationContext.xml</file>
        </group>
    </open-files>
</project-private>
