<?xml version="1.0"?>
<!DOCTYPE hibernate-mapping PUBLIC "-//Hibernate/Hibernate Mapping DTD 3.0//EN"
"http://www.hibernate.org/dtd/hibernate-mapping-3.0.dtd">
<!-- Generated 2016-3-31 8:27:14 by Hibernate Tools 4.3.1 -->
<hibernate-mapping>
    <class name="hibernate.Employee" table="EMPLOYEE" schema="STARKDBADMIN" optimistic-lock="version">
        <id name="id" type="int">
            <column name="ID" />
            <generator class="assigned" />
        </id>
        <property name="fullname" type="string">
            <column name="FULLNAME" length="20" />
        </property>
        <property name="apartment" type="string">
            <column name="APARTMENT" length="50" />
        </property>
        <property name="password" type="string">
            <column name="PASSWORD" length="20" />
        </property>
        <property name="seQues" type="string">
            <column name="SE_QUES" length="100" />
        </property>
        <property name="answer" type="string">
            <column name="ANSWER" length="100" />
        </property>
    </class>
</hibernate-mapping>
