<?xml version="1.0" encoding="UTF-8"?>
<beans xmlns="http://www.springframework.org/schema/beans"
       xmlns:xsi="http://www.w3.org/2001/XMLSchema-instance"

       xsi:schemaLocation="http://www.springframework.org/schema/beans http://www.springframework.org/schema/beans/spring-beans-4.0.xsd
">

    <bean id="KaKa" class="newpackage.Football">
        <property name="football" value="Adidas"/>
        <property name="boots" ref="predator"/>
        <constructor-arg value="7"/>
    </bean>
    <bean id="Forlan" class="newpackage.Football">
        <property name="football" value="Nike"/>
        <property name="boots" ref="predator"/>
        <constructor-arg value="21"/>
    </bean>
    <bean id ="predator" class="newpackage.Predator"/>
</beans>
