<?xml version="1.0"?>
<!DOCTYPE hibernate-mapping PUBLIC "-//Hibernate/Hibernate Mapping DTD 3.0//EN"
"http://www.hibernate.org/dtd/hibernate-mapping-3.0.dtd">
<!-- Generated 2016-3-17 8:56:58 by Hibernate Tools 4.3.1 -->
<hibernate-mapping>
    <class name="university.Course" table="COURSE" schema="APP" optimistic-lock="version">
        <id name="courseid" type="int">
            <column name="COURSEID" />
            <generator class="assigned" />
        </id>
        <property name="coursename" type="string">
            <column name="COURSENAME" length="50" />
        </property>
        <property name="courseteacher" type="string">
            <column name="COURSETEACHER" length="50" />
        </property>
    </class>
</hibernate-mapping>
