<?xml version="1.0" encoding="UTF-8"?>
<!DOCTYPE hibernate-configuration PUBLIC "-//Hibernate/Hibernate Configuration DTD 3.0//EN" "http://hibernate.sourceforge.net/hibernate-configuration-3.0.dtd">
<hibernate-configuration>
  <session-factory>
    <property name="hibernate.dialect">org.hibernate.dialect.DerbyDialect</property>
    <property name="hibernate.connection.driver_class">org.apache.derby.jdbc.ClientDriver</property>
    <property name="hibernate.connection.url">jdbc:derby://localhost:1527/GrantUniversity</property>
    <property name="hibernate.connection.username">University</property>
    <property name="hibernate.connection.password">password@123</property>
    <property name="hibernate.show_sql">true</property>
    <property name="hibernate.current_session_context_class">thread</property>
    <mapping resource="university/Student.hbm.xml"/>
    <mapping resource="university/Coursedetails.hbm.xml"/>    
    <mapping resource="university/Studentcourse.hbm.xml"/>
  </session-factory>
</hibernate-configuration>
